,author_id
0,A1000009205
1,A100000977
2,A1000041814
3,A100004360
4,A1000047157
5,A100004867
6,A10000739
7,A1000078211
8,A100007836
9,A100008412
10,A1000087202
11,A1000090264
12,A100009804
13,A1000121904
14,A100012312
15,A1000134538
16,A1000145103
17,A1000155019
18,A1000163473
19,A100017046
20,A100018398
21,A1000195838
22,A1000197587
23,A1000218909
24,A100022822
25,A10002373
26,A1000246904
27,A100025731
28,A100026767
29,A100026995
30,A1000272649
31,A100027360
32,A10002840
33,A100028439
34,A100028492
35,A100028883
36,A100029177
37,A100029472
38,A1000296526
39,A1000298871
40,A1000301072
41,A100030249
42,A1000307658
43,A100030954
44,A100031290
45,A100032625
46,A1000344976
47,A100034978
48,A100035654
49,A100035833
50,A1000376321
51,A100039162
52,A1000398086
53,A100040122
54,A100040874
55,A100042365
56,A100043250
57,A1000435454
58,A1000440557
59,A1000441957
60,A1000448776
61,A1000470164
62,A1000472135
63,A100047651
64,A100047904
65,A100047927
66,A1000480299
67,A1000482616
68,A100048945
69,A1000489732
70,A100049798
71,A1000505297
72,A1000510329
73,A1000524593
74,A1000524891
75,A100053497
76,A1000537532
77,A1000538852
78,A1000543041
79,A100055197
80,A1000552306
81,A1000557104
82,A100055899
83,A1000560044
84,A100056094
85,A100056215
86,A100056358
87,A100057183
88,A100057396
89,A100058214
90,A1000603431
91,A1000606666
92,A1000606828
93,A1000608010
94,A1000616819
95,A100063229
96,A1000650457
97,A1000651248
98,A1000653126
99,A1000658163
100,A100066398
101,A1000664900
102,A1000672246
103,A1000675022
104,A100068375
105,A1000685635
106,A1000686954
107,A1000687321
108,A100068845
109,A100070613
110,A100070724
111,A1000708777
112,A100071971
113,A1000740521
114,A1000744202
115,A1000754005
116,A1000762969
117,A1000795857
118,A1000796371
119,A10008213
120,A1000824558
121,A1000826546
122,A100083570
123,A100084674
124,A100085637
125,A1000860538
126,A100086330
127,A100086562
128,A100088751
129,A100088952
130,A1000902119
131,A1000918211
132,A1000925801
133,A100092708
134,A1000929867
135,A1000938090
136,A1000939450
137,A100094010
138,A1000942398
139,A100094378
140,A1000948314
141,A100096230
142,A100096821
143,A100096851
144,A100097190
145,A100098229
146,A1000995576
147,A100099671
148,A100100232
149,A100100618
150,A100100952
151,A1001014709
152,A100101649
153,A100104968
154,A1001072001
155,A1001075312
156,A10010787
157,A100110539
158,A1001106451
159,A100111044
160,A1001114090
161,A100112866
162,A100112964
163,A100113190
164,A1001144731
165,A1001152610
166,A1001158452
167,A100117232
168,A1001212573
169,A1001220856
170,A1001221020
171,A100122504
172,A1001228971
173,A1001247403
174,A1001252949
175,A1001254298
176,A1001265741
177,A100127729
178,A100129042
179,A1001293053
180,A100129766
181,A1001302507
182,A1001315263
183,A1001317570
184,A100131828
185,A100132740
186,A100133662
187,A1001338385
188,A1001339623
189,A1001340074
190,A100135577
191,A100136606
192,A1001369858
193,A1001373396
194,A1001377290
195,A1001378740
196,A1001380329
197,A1001399431
198,A100140315
199,A100140326
200,A100141050
201,A1001430303
202,A100143114
203,A1001444461
204,A100145097
205,A100146058
206,A1001464273
207,A1001467222
208,A1001469939
209,A100148356
210,A1001492976
211,A10014939
212,A100149407
213,A100149472
214,A1001501602
215,A1001501651
216,A100150327
217,A100151255
218,A100151595
219,A1001549430
220,A100155170
221,A1001570515
222,A100157064
223,A100157334
224,A1001586357
225,A1001592568
226,A100159745
227,A1001603762
228,A100160811
229,A1001613356
230,A100161402
231,A10016308
232,A1001630844
233,A1001641738
234,A1001653766
235,A100165468
236,A1001657634
237,A1001659882
238,A1001663456
239,A1001664223
240,A1001668284
241,A100167829
242,A1001681302
243,A100168145
244,A1001697831
245,A1001699548
246,A1001730647
247,A100173188
248,A1001733086
249,A1001733843
250,A100173739
251,A100173911
252,A100174395
253,A100175536
254,A100176519
255,A1001772039
256,A100177637
257,A1001777304
258,A1001798964
259,A1001802190
260,A10018131
261,A10018159
262,A1001832753
263,A1001840625
264,A100186507
265,A1001866835
266,A1001875608
267,A100187835
268,A100188034
269,A100188563
270,A100189513
271,A1001896223
272,A100189930
273,A1001911475
274,A1001914788
275,A1001919447
276,A100192107
277,A100193323
278,A100193568
279,A1001944946
280,A100195423
281,A100195645
282,A1001964620
283,A1001969896
284,A1001977431
285,A1001979675
286,A1001979684
287,A1002007197
288,A1002016736
289,A100201992
290,A100202239
291,A1002033157
292,A1002037317
293,A100203891
294,A1002048411
295,A1002051730
296,A1002074278
297,A100208307
298,A1002088281
299,A1002106024
300,A100210965
301,A1002138206
302,A1002138462
303,A1002142617
304,A1002144876
305,A100215383
306,A10021546
307,A100216629
308,A100217450
309,A100217604
310,A1002182247
311,A1002196166
312,A1002197127
313,A100219814
314,A1002204015
315,A100221011
316,A100221549
317,A1002220805
318,A1002226088
319,A1002243223
320,A100224651
321,A100226099
322,A100226415
323,A1002266716
324,A100227272
325,A1002277097
326,A100228104
327,A1002282237
328,A1002288506
329,A100228851
330,A1002292800
331,A1002294
332,A100229764
333,A1002306758
334,A1002309915
335,A1002319946
336,A100232215
337,A10023259
338,A1002333457
339,A100234339
340,A100234917
341,A1002349876
342,A100237656
343,A100237691
344,A100238711
345,A1002391542
346,A1002395164
347,A1002395759
348,A1002398001
349,A1002398630
350,A1002400870
351,A100240305
352,A1002405941
353,A100240815
354,A100242044
355,A1002422011
356,A100243209
357,A100243869
358,A1002441578
359,A100245595
360,A1002467524
361,A10024679
362,A1002471091
363,A1002475362
364,A100248834
365,A100249880
366,A100250342
367,A100250872
368,A100251271
369,A100252078
370,A100252388
371,A1002528009
372,A100253398
373,A1002541215
374,A100254853
375,A1002555106
376,A1002555610
377,A100255736
378,A100255766
379,A100255783
380,A1002560983
381,A100256474
382,A1002565696
383,A100256609
384,A10025747
385,A1002579430
386,A100260066
387,A1002603726
388,A100261711
389,A1002617539
390,A100261902
391,A1002628347
392,A1002636929
393,A100264418
394,A100265022
395,A1002650415
396,A1002650938
397,A100265300
398,A100265390
399,A100265716
400,A1002657938
401,A1002666101
402,A1002674386
403,A100268439
404,A1002684912
405,A1002685015
406,A100268596
407,A100268615
408,A100271468
409,A1002722633
410,A1002729807
411,A1002731848
412,A100274041
413,A100275353
414,A100275522
415,A1002762331
416,A100277090
417,A100277939
418,A100278302
419,A100279138
420,A1002805135
421,A1002817
422,A1002817114
423,A1002830321
424,A1002842216
425,A100284468
426,A1002861636
427,A100286442
428,A100287202
429,A100290142
430,A1002902972
431,A10029052
432,A1002910004
433,A100292075
434,A1002921006
435,A1002921030
436,A10029226
437,A100293599
438,A100293822
439,A1002942167
440,A1002944472
441,A1002949251
442,A1002950174
443,A1002956724
444,A1002961467
445,A100296268
446,A1002969668
447,A100297290
448,A100298363
449,A100298376
450,A1002984907
451,A1002991939
452,A100299349
453,A1003008407
454,A100301155
455,A1003015338
456,A100301634
457,A1003022340
458,A100302693
459,A1003032302
460,A100303608
461,A1003050529
462,A1003053297
463,A100305938
464,A100306031
465,A1003076752
466,A100308098
467,A100308404
468,A1003091979
469,A100309684
470,A1003111817
471,A100311771
472,A100311851
473,A1003122401
474,A1003149765
475,A1003157987
476,A1003160277
477,A100316540
478,A100317766
479,A100317799
480,A1003180761
481,A100318576
482,A100319030
483,A100319623
484,A1003202121
485,A1003205721
486,A1003211505
487,A1003212465
488,A1003215923
489,A1003217859
490,A100322874
491,A100323146
492,A10032362
493,A1003238311
494,A1003244761
495,A100325771
496,A1003258884
497,A1003260168
498,A100326608
499,A100327174
500,A100327311
501,A1003273140
502,A1003277488
503,A1003282805
504,A100328954
505,A1003295413
506,A100329588
507,A1003304235
508,A1003305060
509,A1003314577
510,A1003315372
511,A100332221
512,A100332320
513,A100333037
514,A1003332668
515,A1003336513
516,A100334909
517,A100336808
518,A1003369894
519,A100337421
520,A1003381414
521,A100339370
522,A10033957
523,A100340571
524,A100340589
525,A1003406777
526,A1003407339
527,A100341437
528,A100341478
529,A1003438857
530,A1003439153
531,A100345200
532,A1003455680
533,A1003457278
534,A100345908
535,A1003461786
536,A1003468828
537,A1003469737
538,A100347872
539,A1003482107
540,A1003504712
541,A1003504897
542,A100350793
543,A1003516849
544,A1003519629
545,A1003521385
546,A1003529781
547,A1003539752
548,A100355454
549,A100356447
550,A1003565396
551,A10035665
552,A1003574820
553,A100358462
554,A1003584902
555,A1003602580
556,A1003609524
557,A1003613749
558,A100363277
559,A1003648203
560,A1003661316
561,A1003667882
562,A1003672069
563,A100368991
564,A1003694430
565,A1003697727
566,A1003703101
567,A1003704228
568,A1003724214
569,A100372964
570,A1003736791
571,A10037420
572,A1003748266
573,A1003750529
574,A100375071
575,A100377206
576,A100377486
577,A100378933
578,A100379185
579,A100379382
580,A1003805542
581,A100381012
582,A100382482
583,A1003828791
584,A100383626
585,A10038407
586,A1003857631
587,A100386046
588,A100386198
589,A1003866314
590,A10038668
591,A1003873364
592,A1003873585
593,A100387445
594,A1003907940
595,A1003908173
596,A1003908719
597,A1003927339
598,A1003936402
599,A100395890
600,A1003961687
601,A1003971734
602,A100397348
603,A100397487
604,A100397646
605,A100398911
606,A1003991800
607,A100399912
608,A100400251
609,A1004005511
610,A100401153
611,A1004016633
612,A100401987
613,A1004025477
614,A100403368
615,A1004041095
616,A100404291
617,A100404614
618,A1004053072
619,A10040581
620,A1004062260
621,A1004080154
622,A100408621
623,A100408920
624,A1004094951
625,A100409502
626,A1004098122
627,A100411373
628,A1004115953
629,A1004116966
630,A1004125181
631,A100412606
632,A1004147698
633,A1004152680
634,A1004166944
635,A1004170904
636,A10041746
637,A100417962
638,A1004188484
639,A1004197425
640,A1004203337
641,A1004204345
642,A1004209158
643,A100421245
644,A100421296
645,A1004223250
646,A1004256764
647,A1004257922
648,A1004263195
649,A100426370
650,A1004278424
651,A1004297411
652,A1004303009
653,A1004318293
654,A100431877
655,A100436552
656,A100436711
657,A100437666
658,A100437793
659,A100438669
660,A100438687
661,A100438716
662,A100439137
663,A1004393746
664,A1004405065
665,A1004416826
666,A1004419422
667,A1004421740
668,A100443169
669,A100443890
670,A100445298
671,A100445682
672,A1004458628
673,A1004472916
674,A100447386
675,A1004483765
676,A100448449
677,A1004490334
678,A1004496722
679,A1004502543
680,A1004506581
681,A1004511890
682,A100451631
683,A1004532062
684,A1004532598
685,A100453854
686,A1004563943
687,A100456489
688,A100456723
689,A100456888
690,A10045854
691,A1004593497
692,A100459711
693,A1004600847
694,A1004601169
695,A1004602597
696,A100461388
697,A100461504
698,A1004624892
699,A1004627798
700,A1004629678
701,A1004637559
702,A1004649526
703,A10046530
704,A1004668032
705,A1004671670
706,A100467660
707,A100468432
708,A1004688912
709,A100468978
710,A1004697325
711,A100470264
712,A100470553
713,A100470858
714,A1004713347
715,A100471506
716,A1004719283
717,A100472298
718,A100474416
719,A1004758757
720,A10047777
721,A1004780285
722,A1004781370
723,A1004783733
724,A1004783772
725,A100478761
726,A1004790785
727,A100479886
728,A1004799317
729,A1004804276
730,A100481068
731,A1004814943
732,A100481766
733,A100482708
734,A100485004
735,A100485045
736,A1004864273
737,A1004866322
738,A100487370
739,A100487557
740,A1004879680
741,A1004881972
742,A1004887663
743,A1004901501
744,A1004918473
745,A1004931759
746,A1004937240
747,A1004943496
748,A100494713
749,A1004948039
750,A1004951296
751,A1004960275
752,A1004969836
753,A100497050
754,A100497328
755,A100497359
756,A100498037
757,A1004980972
758,A100498612
759,A10049871
760,A100498791
761,A100499041
762,A1004993368
763,A1004996706
764,A100499843
765,A100500699
766,A1005007925
767,A1005015
768,A100501602
769,A1005019385
770,A1005041836
771,A100504815
772,A1005050775
773,A1005064353
774,A1005069428
775,A1005077717
776,A1005086158
777,A1005089634
778,A100509615
779,A100510921
780,A100510996
781,A1005110760
782,A100511914
783,A1005122418
784,A100513050
785,A1005133644
786,A1005138419
787,A100517393
788,A1005184209
789,A1005189073
790,A1005189608
791,A100519246
792,A100519435
793,A100520227
794,A1005223290
795,A10052492
796,A100525196
797,A100525789
798,A100526103
799,A100526430
800,A100528046
801,A100531711
802,A100532589
803,A100534562
804,A1005349801
805,A100535171
806,A1005360039
807,A1005360676
808,A10053650
809,A100536560
810,A100536929
811,A100536971
812,A1005370564
813,A10053734
814,A1005373780
815,A100537943
816,A1005381226
817,A1005402383
818,A100540656
819,A1005409179
820,A100541151
821,A100541171
822,A100541179
823,A100542209
824,A1005435410
825,A100544147
826,A100544858
827,A100546098
828,A100546537
829,A1005467020
830,A1005468350
831,A100547143
832,A10054756
833,A1005480322
834,A1005492158
835,A100549476
836,A10055038
837,A100550861
838,A100551702
839,A100552835
840,A1005529011
841,A100553833
842,A1005539834
843,A1005544770
844,A1005547367
845,A1005547804
846,A1005551385
847,A100555673
848,A100556347
849,A100556505
850,A1005579142
851,A100557931
852,A10055841
853,A100558807
854,A1005588643
855,A1005593627
856,A100560139
857,A1005606011
858,A100561499
859,A1005628479
860,A100562892
861,A100563991
862,A1005648486
863,A100566900
864,A100567063
865,A100567317
866,A1005673203
867,A1005691089
868,A1005696624
869,A100569666
870,A1005710719
871,A100571081
872,A1005711784
873,A100571392
874,A100571702
875,A1005730944
876,A100573795
877,A1005740577
878,A1005743908
879,A1005744492
880,A1005746677
881,A100574913
882,A100575672
883,A1005761363
884,A1005765903
885,A100577378
886,A100578645
887,A100578647
888,A1005788787
889,A1005789832
890,A1005791080
891,A1005796965
892,A1005812022
893,A100583097
894,A1005831204
895,A1005835006
896,A1005838280
897,A1005839487
898,A1005839534
899,A100584842
900,A100585334
901,A1005855118
902,A1005876264
903,A100589375
904,A100589481
905,A1005896081
906,A1005906762
907,A100590978
908,A100591345
909,A100591384
910,A100591549
911,A100593692
912,A1005947717
913,A1005949914
914,A100595670
915,A100595748
916,A1005958010
917,A1005959391
918,A100597186
919,A1005972785
920,A1005992183
921,A100600751
922,A100600961
923,A1006014651
924,A1006016620
925,A10060276
926,A1006039823
927,A100605769
928,A1006059465
929,A1006061671
930,A1006068464
931,A1006074126
932,A1006080913
933,A1006083902
934,A100609749
935,A1006105052
936,A100612027
937,A1006121118
938,A100612879
939,A1006129770
940,A100613083
941,A1006136171
942,A100613846
943,A1006145774
944,A1006152856
945,A100616877
946,A1006170963
947,A100617110
948,A100617599
949,A1006195108
950,A1006195930
951,A100620036
952,A1006202167
953,A100620862
954,A1006208647
955,A1006210987
956,A100621219
957,A100621462
958,A1006219839
959,A1006220047
960,A100623750
961,A1006241338
962,A1006251180
963,A1006252842
964,A1006253743
965,A100626164
966,A100626493
967,A100627464
968,A1006275216
969,A100628001
970,A100629229
971,A10062951
972,A100630995
973,A1006311686
974,A1006325063
975,A10063464
976,A100634741
977,A1006350826
978,A1006355709
979,A100635612
980,A100637529
981,A1006376752
982,A100637986
983,A100638807
984,A100640073
985,A1006413227
986,A100641536
987,A1006420820
988,A1006430301
989,A100643266
990,A1006442172
991,A100644258
992,A100645720
993,A100645900
994,A100647431
995,A100648250
996,A1006485067
997,A1006491354
998,A1006496167
999,A1006507344
1000,A1006511734
1001,A100651479
1002,A1006514935
1003,A100651623
1004,A100651960
1005,A1006521973
1006,A1006522295
1007,A1006522524
1008,A100652304
1009,A100652855
1010,A100654205
1011,A100654212
1012,A1006543089
1013,A1006543556
1014,A1006545697
1015,A1006552144
1016,A1006553153
1017,A100656190
1018,A1006562300
1019,A1006564439
1020,A1006567804
1021,A100656821
1022,A100656950
1023,A1006575742
1024,A100657680
1025,A1006578884
1026,A1006581565
1027,A1006590581
1028,A10066118
1029,A100661510
1030,A1006619901
1031,A100662924
1032,A100664504
1033,A1006646360
1034,A100665253
1035,A100665332
1036,A100666139
1037,A1006680045
1038,A100668198
1039,A1006682098
1040,A1006685893
1041,A1006701184
1042,A100671067
1043,A100671596
1044,A100673704
1045,A1006738687
1046,A1006739386
1047,A1006744717
1048,A100674783
1049,A100675759
1050,A100676508
1051,A100677516
1052,A100679840
1053,A100680529
1054,A100681721
1055,A100681972
1056,A100682889
1057,A1006829996
1058,A100683313
1059,A1006840565
1060,A1006865469
1061,A100688862
1062,A100690888
1063,A1006910321
1064,A100691527
1065,A100692019
1066,A1006932716
1067,A1006934699
1068,A10069349
1069,A100693851
1070,A100694428
1071,A10069497
1072,A1006962878
1073,A100696575
1074,A100697996
1075,A1006991203
1076,A1006991921
1077,A1006999465
1078,A100700784
1079,A100703358
1080,A100703400
1081,A1007043970
1082,A100704927
1083,A100706534
1084,A1007073319
1085,A100708198
1086,A1007098672
1087,A100710908
1088,A1007112605
1089,A1007125711
1090,A100713066
1091,A10071366
1092,A1007141333
1093,A100714259
1094,A100714371
1095,A100715932
1096,A1007163877
1097,A100716409
1098,A100716422
1099,A1007164802
1100,A1007166871
1101,A1007167497
1102,A100716999
1103,A1007171886
1104,A1007179021
1105,A1007181779
1106,A10071845
1107,A1007195213
1108,A1007197463
1109,A100719806
1110,A1007202024
1111,A1007205972
1112,A1007211580
1113,A100721418
1114,A1007244034
1115,A100726065
1116,A100726572
1117,A1007277141
1118,A100731272
1119,A1007315270
1120,A1007318635
1121,A100732473
1122,A10073314
1123,A1007335878
1124,A100733682
1125,A100734421
1126,A1007347335
1127,A100735276
1128,A100735327
1129,A100736479
1130,A1007364928
1131,A1007365750
1132,A1007372
1133,A1007375257
1134,A1007385196
1135,A100740361
1136,A1007405722
1137,A1007406827
1138,A10074148
1139,A1007415406
1140,A100742084
1141,A100742358
1142,A100742963
1143,A1007431464
1144,A100746532
1145,A100747324
1146,A100748767
1147,A1007489724
1148,A1007497441
1149,A1007499644
1150,A1007530055
1151,A100753039
1152,A100753504
1153,A1007537476
1154,A100754343
1155,A100754683
1156,A100754817
1157,A100756104
1158,A100756414
1159,A100757837
1160,A100758122
1161,A1007601914
1162,A1007609068
1163,A1007624576
1164,A1007629015
1165,A1007642408
1166,A1007653030
1167,A100767537
1168,A1007678855
1169,A100768562
1170,A1007693964
1171,A100769422
1172,A100769690
1173,A1007698402
1174,A100771224
1175,A1007719677
1176,A100773537
1177,A1007744128
1178,A100775208
1179,A1007764486
1180,A1007767072
1181,A1007774932
1182,A1007776274
1183,A10077771
1184,A1007792952
1185,A1007802877
1186,A1007811767
1187,A100782679
1188,A1007853980
1189,A1007854762
1190,A100787336
1191,A1007876167
1192,A100787792
1193,A10078791
1194,A1007887842
1195,A1007913745
1196,A100791463
1197,A1007915466
1198,A1007917903
1199,A1007918721
1200,A10079244
1201,A100793356
1202,A100795900
1203,A1007970556
1204,A100798240
1205,A100800656
1206,A1008006822
1207,A1008007327
1208,A100802309
1209,A100803531
1210,A100803692
1211,A1008050281
1212,A1008060227
1213,A1008061727
1214,A10080627
1215,A1008064
1216,A1008065899
1217,A100810856
1218,A100811632
1219,A100812586
1220,A1008133817
1221,A1008148242
1222,A1008157115
1223,A100816567
1224,A1008171782
1225,A1008177083
1226,A100817749
1227,A1008190009
1228,A1008202850
1229,A100820336
1230,A100823782
1231,A1008239884
1232,A1008245375
1233,A100824575
1234,A100824768
1235,A10082637
1236,A1008268033
1237,A1008272481
1238,A100827933
1239,A1008284202
1240,A100828955
1241,A1008309793
1242,A1008324266
1243,A100832446
1244,A1008337928
1245,A100834104
1246,A100834853
1247,A1008348576
1248,A100837053
1249,A100838333
1250,A10083886
1251,A1008397168
1252,A1008399078
1253,A1008399291
1254,A1008406519
1255,A1008410117
1256,A1008412759
1257,A100841583
1258,A100842568
1259,A100844862
1260,A100846092
1261,A100846206
1262,A1008468141
1263,A1008482566
1264,A100850775
1265,A10085080
1266,A1008513394
1267,A1008519824
1268,A100852319
1269,A1008527861
1270,A1008531525
1271,A1008548269
1272,A1008553553
1273,A1008554382
1274,A100857126
1275,A1008571750
1276,A1008574300
1277,A100857772
1278,A1008600864
1279,A100860484
1280,A1008607922
1281,A1008613374
1282,A100862830
1283,A100863256
1284,A100864054
1285,A100864498
1286,A1008657491
1287,A1008664819
1288,A1008671723
1289,A1008692033
1290,A100869718
1291,A1008698935
1292,A1008704562
1293,A100873162
1294,A100873588
1295,A1008736586
1296,A1008749375
1297,A100876135
1298,A10087630
1299,A100876659
1300,A100877483
1301,A1008781919
1302,A100878411
1303,A1008786439
1304,A100878660
1305,A1008794398
1306,A1008798630
1307,A1008802777
1308,A100880330
1309,A100881657
1310,A1008819941
1311,A1008825296
1312,A100885492
1313,A100886235
1314,A1008879374
1315,A100889158
1316,A1008896082
1317,A100890607
1318,A100891761
1319,A1008927677
1320,A1008928299
1321,A1008942553
1322,A100894541
1323,A1008948722
1324,A1008959386
1325,A1008969434
1326,A100898321
1327,A1009000261
1328,A1009005658
1329,A1009005889
1330,A100902310
1331,A10090232
1332,A100902620
1333,A1009031423
1334,A1009031955
1335,A100903632
1336,A100904004
1337,A1009042105
1338,A100904599
1339,A1009048930
1340,A1009060766
1341,A100906423
1342,A100906785
1343,A1009069212
1344,A1009078193
1345,A100908830
1346,A100908972
1347,A1009098188
1348,A1009098654
1349,A1009103189
1350,A100911067
1351,A1009136735
1352,A100913981
1353,A1009149263
1354,A1009152536
1355,A100916624
1356,A1009168574
1357,A1009170438
1358,A1009181140
1359,A100918231
1360,A100918275
1361,A100921431
1362,A100922792
1363,A1009228361
1364,A100922928
1365,A1009241722
1366,A100924317
1367,A1009247741
1368,A100924900
1369,A100925711
1370,A1009266022
1371,A100926834
1372,A100927149
1373,A1009273029
1374,A1009273511
1375,A100928688
1376,A1009294640
1377,A100931121
1378,A1009316200
1379,A10093190
1380,A1009319174
1381,A100932859
1382,A100933169
1383,A1009337610
1384,A1009343116
1385,A10093460
1386,A100934990
1387,A1009350544
1388,A1009359986
1389,A1009361666
1390,A1009364356
1391,A100937220
1392,A1009372333
1393,A1009373005
1394,A100937341
1395,A1009388029
1396,A100939713
1397,A100939962
1398,A10094018
1399,A100940550
1400,A1009411421
1401,A1009417855
1402,A1009418105
1403,A1009425592
1404,A100942675
1405,A1009430419
1406,A1009442267
1407,A100944461
1408,A100944515
1409,A1009454455
1410,A100946220
1411,A1009467567
1412,A1009474797
1413,A100947687
1414,A1009484853
1415,A100948727
1416,A100950925
1417,A1009519881
1418,A100952311
1419,A1009523334
1420,A100953137
1421,A100953751
1422,A1009548971
1423,A100955848
1424,A100956017
1425,A100956075
1426,A1009587458
1427,A100959793
1428,A1009598647
1429,A1009609425
1430,A100961276
1431,A100961581
1432,A100962695
1433,A1009627946
1434,A10096285
1435,A1009637333
1436,A1009642561
1437,A100964548
1438,A1009658001
1439,A10096603
1440,A1009663929
1441,A1009683881
1442,A1009685367
1443,A100968706
1444,A1009688407
1445,A1009695384
1446,A1009701639
1447,A1009706517
1448,A100971090
1449,A100971199
1450,A1009716157
1451,A1009718529
1452,A100971925
1453,A100972044
1454,A100972184
1455,A1009723475
1456,A100972489
1457,A1009738208
1458,A100974150
1459,A100974476
1460,A1009751136
1461,A1009761877
1462,A1009769325
1463,A1009769944
1464,A1009780882
1465,A100978530
1466,A100979248
1467,A100979455
1468,A100979587
1469,A100981689
1470,A1009822771
1471,A100982302
1472,A1009844280
1473,A1009860149
1474,A10098659
1475,A100986691
1476,A1009868759
1477,A1009883896
1478,A100988613
1479,A1009888500
1480,A10098932
1481,A100990651
1482,A100990817
1483,A1009915239
1484,A1009917211
1485,A100991899
1486,A1009920504
1487,A1009923832
1488,A100994052
1489,A100994573
1490,A100994735
1491,A1009947697
1492,A1009949087
1493,A100995048
1494,A1009954435
1495,A1009955055
1496,A1009957319
1497,A1009957530
1498,A100996114
1499,A100996488
1500,A1009968576
1501,A100997986
1502,A1009992195
1503,A101000189
1504,A1010006319
1505,A101000637
1506,A1010009591
1507,A1010015648
1508,A1010028034
1509,A1010030231
1510,A101004611
1511,A101005919
1512,A10100693
1513,A1010069406
1514,A1010071733
1515,A1010088532
1516,A1010094660
1517,A101009586
1518,A101010267
1519,A1010105492
1520,A1010112126
1521,A1010120763
1522,A1010121227
1523,A101012555
1524,A101012714
1525,A101015483
1526,A1010154973
1527,A1010163154
1528,A1010189731
1529,A101019941
1530,A1010207595
1531,A1010211901
1532,A1010227919
1533,A101022976
1534,A1010232445
1535,A101025800
1536,A1010278736
1537,A1010290694
1538,A101029100
1539,A1010307174
1540,A10103095
1541,A101031001
1542,A101032099
1543,A101032730
1544,A1010332066
1545,A1010353486
1546,A1010359623
1547,A101036458
1548,A1010367406
1549,A1010379553
1550,A101039742
1551,A101042104
1552,A101043871
1553,A1010439074
1554,A101044550
1555,A1010451009
1556,A1010460834
1557,A1010474433
1558,A10104765
1559,A1010476706
1560,A1010485990
1561,A101048850
1562,A101050094
1563,A1010505375
1564,A1010511456
1565,A1010515834
1566,A101051730
1567,A1010524495
1568,A101053282
1569,A1010551179
1570,A101055349
1571,A1010558233
1572,A1010560183
1573,A101056217
1574,A101056312
1575,A101057047
1576,A1010586966
1577,A1010589222
1578,A101059059
1579,A1010608412
1580,A101061579
1581,A101062941
1582,A1010629556
1583,A1010637950
1584,A101063990
1585,A101066578
1586,A1010668106
1587,A1010677798
1588,A1010678883
1589,A101068053
1590,A101068160
1591,A1010695277
1592,A101071438
1593,A101071923
1594,A1010721954
1595,A1010722082
1596,A101072349
1597,A101072354
1598,A101072697
1599,A1010729700
1600,A101073189
1601,A1010742861
1602,A10107432
1603,A101074555
1604,A1010756607
1605,A1010758706
1606,A101076087
1607,A101076526
1608,A101076708
1609,A101077067
1610,A101078874
1611,A1010796029
1612,A1010808883
1613,A1010813668
1614,A1010819100
1615,A1010832225
1616,A101083245
1617,A1010848976
1618,A101085355
1619,A1010858584
1620,A1010858853
1621,A1010862799
1622,A101086282
1623,A10108648
1624,A101086844
1625,A101087226
1626,A101088874
1627,A1010894982
1628,A1010903443
1629,A1010909434
1630,A101091082
1631,A101091276
1632,A101091925
1633,A101092268
1634,A1010924724
1635,A1010930316
1636,A1010932111
1637,A1010937383
1638,A101094126
1639,A1010941531
1640,A101094281
1641,A1010947449
1642,A101095110
1643,A1010966023
1644,A1010982006
1645,A1010986751
1646,A1010994093
1647,A1011006562
1648,A1011020010
1649,A1011029
1650,A1011029636
1651,A101102989
1652,A101103535
1653,A1011048105
1654,A1011048487
1655,A1011049416
1656,A1011054616
1657,A101105636
1658,A1011058832
1659,A1011069762
1660,A1011078021
1661,A101111142
1662,A101111597
1663,A101111735
1664,A101111760
1665,A1011119762
1666,A101112606
1667,A1011127227
1668,A101113423
1669,A101113814
1670,A101114161
1671,A1011159230
1672,A101116431
1673,A1011166988
1674,A101116967
1675,A101117111
1676,A101117278
1677,A101118404
1678,A1011189907
1679,A1011196645
1680,A101120289
1681,A1011213051
1682,A10112205
1683,A101122514
1684,A101124490
1685,A1011247586
1686,A101124893
1687,A1011252619
1688,A1011262503
1689,A101127431
1690,A101128277
1691,A101128570
1692,A1011291032
1693,A101129865
1694,A101130019
1695,A1011314392
1696,A1011325561
1697,A1011364489
1698,A1011380366
1699,A101140292
1700,A1011406154
1701,A1011419955
1702,A101143046
1703,A101143749
1704,A101147562
1705,A1011478956
1706,A1011481497
1707,A1011484080
1708,A1011485473
1709,A1011485584
1710,A101148630
1711,A1011486691
1712,A1011488080
1713,A101149164
1714,A101149256
1715,A1011493889
1716,A101150566
1717,A101152614
1718,A1011542313
1719,A1011547175
1720,A1011568361
1721,A1011569637
1722,A1011580405
1723,A101160378
1724,A101161189
1725,A101162703
1726,A1011632226
1727,A101164592
1728,A101165724
1729,A1011659725
1730,A101166467
1731,A101167454
1732,A101168508
1733,A1011685324
1734,A1011686243
1735,A1011688432
1736,A101169079
1737,A101169452
1738,A101170229
1739,A101170484
1740,A101171032
1741,A101171190
1742,A101171633
1743,A101172405
1744,A1011729714
1745,A101173067
1746,A1011734083
1747,A1011742574
1748,A1011750912
1749,A101175523
1750,A1011759385
1751,A101176356
1752,A1011763623
1753,A101176408
1754,A1011767089
1755,A101177326
1756,A101177533
1757,A1011783301
1758,A1011790192
1759,A1011805395
1760,A101181117
1761,A1011813480
1762,A1011821220
1763,A1011838670
1764,A1011840367
1765,A101184835
1766,A1011849543
1767,A1011862360
1768,A1011873808
1769,A101188360
1770,A1011884458
1771,A1011894765
1772,A101190658
1773,A1011909121
1774,A1011911806
1775,A1011913330
1776,A101191336
1777,A101192055
1778,A1011934419
1779,A101194970
1780,A1011949966
1781,A101195917
1782,A101195942
1783,A1011970927
1784,A101197194
1785,A1011972285
1786,A1011972381
1787,A1011979134
1788,A101198277
1789,A1011996033
1790,A1011997813
1791,A1012002681
1792,A101201105
1793,A1012019449
1794,A1012020213
1795,A101202250
1796,A101202902
1797,A101204274
1798,A101204515
1799,A101204585
1800,A101204867
1801,A1012060257
1802,A101206120
1803,A1012073237
1804,A101207931
1805,A1012099607
1806,A101210217
1807,A1012118420
1808,A1012120899
1809,A1012126838
1810,A1012127417
1811,A101212870
1812,A10121319
1813,A101214322
1814,A101214527
1815,A101215302
1816,A1012161328
1817,A101217613
1818,A10121951
1819,A1012201995
1820,A101220307
1821,A101221004
1822,A101221071
1823,A1012214646
1824,A101221710
1825,A1012217812
1826,A101222094
1827,A101222655
1828,A10122325
1829,A101224211
1830,A1012246557
1831,A101225238
1832,A1012255705
1833,A1012256790
1834,A101226589
1835,A1012274295
1836,A1012282509
1837,A101229389
1838,A1012294088
1839,A101229699
1840,A101230078
1841,A101232149
1842,A1012335806
1843,A1012336885
1844,A1012339971
1845,A1012351197
1846,A101235476
1847,A1012362206
1848,A1012368340
1849,A101237258
1850,A1012375272
1851,A1012380970
1852,A101238302
1853,A1012384919
1854,A1012388717
1855,A1012414559
1856,A101241895
1857,A101242440
1858,A101242465
1859,A1012432073
1860,A1012439616
1861,A1012442059
1862,A1012451751
1863,A1012455954
1864,A101246702
1865,A101247451
1866,A1012478477
1867,A101249219
1868,A1012493801
1869,A1012494647
1870,A101250237
1871,A1012521775
1872,A101253226
1873,A1012532962
1874,A101253743
1875,A1012539364
1876,A101255388
1877,A101255510
1878,A101256469
1879,A10125788
1880,A1012584255
1881,A1012591322
1882,A1012601322
1883,A1012602577
1884,A1012620553
1885,A101262108
1886,A101262899
1887,A1012633294
1888,A101263349
1889,A1012634102
1890,A1012649425
1891,A101265192
1892,A101266505
1893,A1012668243
1894,A101267526
1895,A1012683572
1896,A1012693568
1897,A101270323
1898,A1012718660
1899,A1012722686
1900,A1012733905
1901,A101273899
1902,A101274902
1903,A101277271
1904,A1012775935
1905,A101278196
1906,A1012783444
1907,A1012787977
1908,A101279588
1909,A101280830
1910,A1012815881
1911,A1012817769
1912,A1012819373
1913,A101282276
1914,A101283182
1915,A1012835898
1916,A1012841344
1917,A1012856113
1918,A101287256
1919,A101287496
1920,A1012886586
1921,A101288935
1922,A1012905225
1923,A101292279
1924,A1012932054
1925,A1012965188
1926,A1012965491
1927,A101297627
1928,A1012976495
1929,A1012978037
1930,A1012984641
1931,A1012996839
1932,A10130069
1933,A101302463
1934,A1013036732
1935,A101303892
1936,A101304421
1937,A101304484
1938,A101305018
1939,A101305341
1940,A1013062473
1941,A101307122
1942,A101307478
1943,A1013075578
1944,A10130844
1945,A1013084851
1946,A101308978
1947,A101309241
1948,A101309648
1949,A101311612
1950,A1013117695
1951,A1013124704
1952,A101313455
1953,A101315951
1954,A101316341
1955,A101317915
1956,A1013187372
1957,A101319827
1958,A1013201036
1959,A1013212797
1960,A1013237153
1961,A1013240388
1962,A1013250222
1963,A101325449
1964,A1013254843
1965,A101325574
1966,A1013258029
1967,A1013261166
1968,A101326777
1969,A101327206
1970,A1013277428
1971,A1013279621
1972,A101328632
1973,A1013305147
1974,A101331264
1975,A101331585
1976,A101331815
1977,A1013325649
1978,A1013328093
1979,A101332956
1980,A10133430
1981,A101335344
1982,A1013368272
1983,A101337481
1984,A101337671
1985,A101338556
1986,A1013389924
1987,A1013394753
1988,A101339921
1989,A1013404079
1990,A101340959
1991,A1013410316
1992,A1013436156
1993,A1013440202
1994,A1013441922
1995,A1013460070
1996,A1013461192
1997,A1013465156
1998,A101347461
1999,A1013493503
